Variable,Entropia
x1,0.747178
 x2,0.998846
 x5,1.413963
 x4,0.71791
 x6,0.999651
 x9,1.717295
 x3,1.515407
 x7,0.999988
 x8,0.999988
