Origen,Destino,InformacionMutua
x1, x5,0.290529
 x2, x5,0.464971
 x5, x9,0.004528
 x4, x9,0.497617
 x6, x9,0.692905
 x9, x3,0.001937
 x3, x7,0.559329
 x7, x8,0.693139
